{"0": {"image_size": {"width": 3291, "height": 2328}, "document_page": 1, "line_boxes": [{"word_boxes": [{"bbox": [[1548, 55], [1762, 87]], "content": "PURCHASE"}, {"bbox": [[1775, 55], [1913, 87]], "content": "ORDER"}], "bbox": [[1548, 55], [1913, 87]]}, {"word_boxes": [{"bbox": [[2841, 76], [2913, 104]], "content": "Report"}, {"bbox": [[2929, 76], [2988, 104]], "content": "Date:"}, {"bbox": [[2991, 75], [3120, 103]], "content": "31-01-2020"}, {"bbox": [[3128, 75], [3188, 102]], "content": "03:01"}], "bbox": [[2841, 75], [3188, 104]]}, {"word_boxes": [{"bbox": [[1645, 103], [1700, 127]], "content": "No."}, {"bbox": [[1708, 104], [1816, 129]], "content": "9970572"}], "bbox": [[1645, 103], [1816, 129]]}, {"word_boxes": [{"bbox": [[1605, 141], [1681, 176]], "content": "(Status:"}, {"bbox": [[1691, 138], [1854, 174]], "content": "Approved)"}, {"bbox": [[3058, 129], [3115, 152]], "content": "Page:"}, {"bbox": [[3122, 128], [3134, 150]], "content": "1"}, {"bbox": [[3141, 128], [3172, 150]], "content": "OF"}, {"bbox": [[3174, 127], [3191, 150]], "content": "2"}], "bbox": [[1605, 122], [3190, 174]]}, {"word_boxes": [{"bbox": [[99, 266], [177, 287]], "content": "Vendor:"}, {"bbox": [[410, 263], [483, 284]], "content": "391294"}, {"bbox": [[490, 263], [499, 283]], "content": "-"}, {"bbox": [[506, 262], [580, 283]], "content": "RETRO"}, {"bbox": [[590, 262], [660, 282]], "content": "DRUG,"}, {"bbox": [[664, 261], [711, 282]], "content": "INC."}, {"bbox": [[1304, 260], [1361, 285]], "content": "Order"}, {"bbox": [[1371, 262], [1425, 287]], "content": "Type:"}, {"bbox": [[1670, 262], [1744, 281]], "content": "Manual"}, {"bbox": [[2510, 263], [2563, 285]], "content": "Entry"}, {"bbox": [[2572, 262], [2624, 284]], "content": "Date:"}, {"bbox": [[3063, 263], [3193, 280]], "content": "30-JAN-2020"}], "bbox": [[99, 262], [3193, 286]]}, {"word_boxes": [{"bbox": [[99, 293], [174, 312]], "content": "Vendor"}, {"bbox": [[182, 293], [223, 312]], "content": "Site:"}, {"bbox": [[410, 293], [448, 312]], "content": "169"}, {"bbox": [[453, 293], [462, 312]], "content": "-"}, {"bbox": [[469, 293], [543, 312]], "content": "RETRO"}, {"bbox": [[554, 293], [622, 312]], "content": "DRUG,"}, {"bbox": [[628, 293], [675, 312]], "content": "INC."}, {"bbox": [[1305, 294], [1378, 313]], "content": "Terms:"}, {"bbox": [[1669, 294], [1693, 312]], "content": "30"}, {"bbox": [[1701, 294], [1761, 312]], "content": "DAYS"}, {"bbox": [[2509, 293], [2555, 315]], "content": "Ship"}, {"bbox": [[2566, 292], [2620, 314]], "content": "Date:"}, {"bbox": [[3063, 294], [3193, 312]], "content": "30-JAN-2020"}], "bbox": [[99, 293], [3193, 315]]}, {"word_boxes": [{"bbox": [[414, 319], [509, 337]], "content": "CIBUSTA"}, {"bbox": [[513, 320], [564, 337]], "content": "CITY"}, {"bbox": [[620, 320], [667, 337]], "content": "MNL"}, {"bbox": [[1304, 319], [1357, 343]], "content": "Order"}, {"bbox": [[1371, 319], [1470, 343]], "content": "Currency:"}, {"bbox": [[1671, 318], [1714, 342]], "content": "PHP"}, {"bbox": [[2510, 320], [2582, 337]], "content": "Cancel"}, {"bbox": [[2587, 320], [2639, 338]], "content": "Date:"}, {"bbox": [[3063, 320], [3193, 338]], "content": "15-FEB-2020"}], "bbox": [[414, 318], [3193, 343]]}, {"word_boxes": [{"bbox": [[1304, 372], [1428, 394]], "content": "Department:"}, {"bbox": [[2508, 372], [2578, 393]], "content": "Agent:"}], "bbox": [[1304, 372], [2578, 394]]}, {"word_boxes": [{"bbox": [[99, 424], [165, 446]], "content": "Buyer:"}, {"bbox": [[1304, 423], [1479, 446]], "content": "Sub-Department:"}, {"bbox": [[2510, 424], [2550, 441]], "content": "Port"}, {"bbox": [[2558, 424], [2577, 441]], "content": "of"}, {"bbox": [[2587, 424], [2711, 441]], "content": "Destination:"}], "bbox": [[99, 422], [2711, 446]]}, {"word_boxes": [{"bbox": [[99, 449], [177, 470]], "content": "Created"}, {"bbox": [[187, 451], [220, 471]], "content": "By:"}], "bbox": [[99, 449], [220, 471]]}, {"word_boxes": [{"bbox": [[1304, 450], [1340, 471]], "content": "Tag"}, {"bbox": [[1348, 451], [1408, 473]], "content": "Type:"}], "bbox": [[1304, 450], [1408, 473]]}, {"word_boxes": [{"bbox": [[99, 475], [182, 498]], "content": "Routing"}, {"bbox": [[187, 475], [285, 498]], "content": "Location:"}, {"bbox": [[1304, 475], [1362, 497]], "content": "Event"}, {"bbox": [[1369, 477], [1430, 499]], "content": "Type:"}, {"bbox": [[2509, 473], [2552, 496]], "content": "Port"}, {"bbox": [[2557, 475], [2576, 497]], "content": "of"}, {"bbox": [[2586, 475], [2655, 499]], "content": "Origin:"}], "bbox": [[99, 475], [2655, 498]]}, {"word_boxes": [{"bbox": [[1304, 522], [1362, 543]], "content": "Event"}, {"bbox": [[1371, 523], [1461, 544]], "content": "Number:"}], "bbox": [[1304, 522], [1461, 544]]}, {"word_boxes": [{"bbox": [[99, 551], [164, 575]], "content": "Ship"}, {"bbox": [[151, 551], [185, 575]], "content": "To:"}, {"bbox": [[409, 549], [456, 573]], "content": "2021"}, {"bbox": [[462, 548], [474, 573]], "content": "-"}, {"bbox": [[477, 548], [554, 572]], "content": "SUPER"}, {"bbox": [[560, 547], [689, 572]], "content": "PHARMAZIE"}], "bbox": [[99, 547], [689, 575]]}, {"word_boxes": [{"bbox": [[409, 574], [502, 597]], "content": "JEMECIA"}, {"bbox": [[512, 574], [541, 597]], "content": "RD"}, {"bbox": [[548, 574], [642, 597]], "content": "ANDARA"}, {"bbox": [[646, 574], [705, 597]], "content": "CITY,"}], "bbox": [[409, 574], [705, 597]]}, {"word_boxes": [{"bbox": [[408, 601], [508, 623]], "content": "Rochester"}, {"bbox": [[528, 601], [574, 623]], "content": "CBU"}, {"bbox": [[593, 601], [641, 623]], "content": "8014"}], "bbox": [[408, 601], [641, 623]]}, {"word_boxes": [{"bbox": [[1186, 683], [1228, 701]], "content": "QTY"}, {"bbox": [[1299, 683], [1358, 702]], "content": "PACK"}, {"bbox": [[1397, 683], [1440, 702]], "content": "STD"}, {"bbox": [[1596, 681], [1640, 701]], "content": "UOP"}, {"bbox": [[1651, 681], [1710, 701]], "content": "COST"}, {"bbox": [[1775, 681], [1818, 701]], "content": "UOP"}, {"bbox": [[1827, 681], [1887, 701]], "content": "COST"}, {"bbox": [[1992, 671], [2105, 692]], "content": "DISCOUNT"}, {"bbox": [[2204, 682], [2247, 701]], "content": "NET"}, {"bbox": [[2254, 682], [2300, 701]], "content": "UOP"}, {"bbox": [[2308, 682], [2369, 701]], "content": "COST"}, {"bbox": [[2418, 682], [2460, 701]], "content": "VAT"}, {"bbox": [[2515, 682], [2587, 701]], "content": "TOTAL"}, {"bbox": [[2595, 682], [2639, 701]], "content": "EXT"}, {"bbox": [[2644, 682], [2706, 701]], "content": "COST"}, {"bbox": [[2748, 673], [2799, 690]], "content": "SELL"}, {"bbox": [[2851, 666], [2901, 691]], "content": "UNIT"}, {"bbox": [[2913, 669], [2987, 696]], "content": "RETAIL"}, {"bbox": [[3032, 676], [3152, 704]], "content": "EXTENDED"}], "bbox": [[1186, 669], [3151, 704]]}, {"word_boxes": [{"bbox": [[144, 692], [188, 716]], "content": "SKU"}, {"bbox": [[300, 692], [340, 716]], "content": "VPN"}, {"bbox": [[529, 692], [764, 716]], "content": "DESCRIPTION/BRAND"}, {"bbox": [[994, 692], [1039, 716]], "content": "UPC"}, {"bbox": [[1149, 707], [1257, 726]], "content": "ORDERED"}, {"bbox": [[1305, 706], [1353, 726]], "content": "SIZE"}, {"bbox": [[1398, 706], [1448, 726]], "content": "UOM"}, {"bbox": [[1495, 694], [1537, 715]], "content": "UOP"}, {"bbox": [[1609, 707], [1636, 732]], "content": "(Vat"}, {"bbox": [[1651, 707], [1700, 732]], "content": "Excl)"}, {"bbox": [[1781, 707], [1825, 732]], "content": "(Vat"}, {"bbox": [[1830, 707], [1873, 732]], "content": "Incl)"}, {"bbox": [[2005, 698], [2041, 720]], "content": "(Vat"}, {"bbox": [[2054, 698], [2103, 720]], "content": "Excl)"}, {"bbox": [[2237, 708], [2272, 731]], "content": "(Vat"}, {"bbox": [[2282, 708], [2331, 731]], "content": "Excl)"}, {"bbox": [[2414, 708], [2471, 731]], "content": "RATE"}, {"bbox": [[2558, 708], [2600, 731]], "content": "(Vat"}, {"bbox": [[2608, 708], [2657, 732]], "content": "Excl)"}, {"bbox": [[2753, 697], [2799, 716]], "content": "UOM"}, {"bbox": [[3056, 707], [3136, 727]], "content": "RETAIL"}], "bbox": [[144, 685], [3136, 739]]}, {"word_boxes": [{"bbox": [[1946, 733], [2001, 751]], "content": "TYPE"}, {"bbox": [[2076, 733], [2147, 751]], "content": "VALUE"}], "bbox": [[1946, 733], [2147, 751]]}, {"word_boxes": [{"bbox": [[409, 789], [517, 808]], "content": "GLYCERIN"}, {"bbox": [[529, 789], [622, 809]], "content": "RETINOL"}, {"bbox": [[627, 789], [652, 809]], "content": "80"}, {"bbox": [[659, 789], [687, 809]], "content": "ML"}, {"bbox": [[936, 787], [1098, 810]], "content": "2209489959009"}, {"bbox": [[1197, 787], [1210, 810]], "content": "2"}, {"bbox": [[1314, 787], [1325, 810]], "content": "1"}, {"bbox": [[1335, 787], [1348, 810]], "content": "00"}, {"bbox": [[1411, 787], [1439, 810]], "content": "EA"}, {"bbox": [[1506, 788], [1533, 810]], "content": "BX"}, {"bbox": [[1635, 788], [1722, 811]], "content": "4,526.48"}, {"bbox": [[1818, 788], [1907, 811]], "content": "4,526.48"}, {"bbox": [[2287, 789], [2371, 808]], "content": "4,526.48"}, {"bbox": [[2426, 789], [2458, 808]], "content": "0%"}, {"bbox": [[2620, 789], [2706, 808]], "content": "9,052.96"}], "bbox": [[409, 787], [2706, 811]]}, {"word_boxes": [{"bbox": [[124, 811], [207, 834]], "content": "9489959"}, {"bbox": [[272, 811], [368, 834]], "content": "13000384"}], "bbox": [[124, 811], [368, 834]]}, {"word_boxes": [{"bbox": [[123, 883], [206, 907]], "content": "4204183"}, {"bbox": [[272, 884], [366, 907]], "content": "13000385"}, {"bbox": [[410, 884], [533, 907]], "content": "NIACINAMID"}, {"bbox": [[544, 884], [620, 907]], "content": "SERUM"}, {"bbox": [[627, 884], [662, 907]], "content": "800"}, {"bbox": [[942, 883], [1100, 907]], "content": "2204204183004"}, {"bbox": [[1202, 883], [1215, 907]], "content": "2"}, {"bbox": [[1317, 882], [1349, 907]], "content": "100"}, {"bbox": [[1415, 882], [1441, 907]], "content": "EA"}, {"bbox": [[1507, 882], [1536, 907]], "content": "BX"}, {"bbox": [[1643, 882], [1727, 907]], "content": "2,970.21"}, {"bbox": [[1825, 883], [1903, 908]], "content": "2,970.21"}, {"bbox": [[2292, 885], [2373, 907]], "content": "2,970.21"}, {"bbox": [[2429, 885], [2464, 907]], "content": "0"}, {"bbox": [[2444, 885], [2464, 907]], "content": "%"}, {"bbox": [[2627, 884], [2711, 907]], "content": "5,940.42"}], "bbox": [[123, 882], [2711, 908]]}, {"word_boxes": [{"bbox": [[118, 956], [213, 979]], "content": "10520655"}, {"bbox": [[272, 956], [364, 979]], "content": "13009551"}, {"bbox": [[408, 955], [494, 979]], "content": "VITAMIN"}, {"bbox": [[503, 955], [518, 978]], "content": "X"}, {"bbox": [[520, 955], [604, 978]], "content": "TABLET"}, {"bbox": [[612, 955], [636, 978]], "content": "20"}, {"bbox": [[645, 955], [677, 978]], "content": "MG"}, {"bbox": [[945, 955], [1102, 979]], "content": "2210520655002"}, {"bbox": [[1198, 953], [1221, 978]], "content": "23"}, {"bbox": [[1323, 953], [1345, 978]], "content": "30"}, {"bbox": [[1417, 954], [1445, 978]], "content": "EA"}, {"bbox": [[1508, 954], [1536, 979]], "content": "BX"}, {"bbox": [[1646, 954], [1727, 979]], "content": "1,645.07"}, {"bbox": [[1827, 955], [1909, 980]], "content": "1,645.07"}, {"bbox": [[2292, 956], [2373, 979]], "content": "1,645.07"}, {"bbox": [[2431, 956], [2464, 979]], "content": "0"}, {"bbox": [[2444, 956], [2464, 979]], "content": "%"}, {"bbox": [[2613, 956], [2711, 978]], "content": "37,836.63"}], "bbox": [[118, 955], [2711, 979]]}, {"word_boxes": [{"bbox": [[112, 1027], [218, 1049]], "content": "102561461"}, {"bbox": [[273, 1027], [366, 1049]], "content": "13026196"}, {"bbox": [[406, 1027], [558, 1049]], "content": "ISOTRETINOM"}, {"bbox": [[565, 1027], [645, 1049]], "content": "CREAM"}, {"bbox": [[649, 1027], [675, 1049]], "content": "80"}, {"bbox": [[935, 1026], [1089, 1052]], "content": "3210256146101"}, {"bbox": [[1196, 1026], [1210, 1051]], "content": "5"}, {"bbox": [[1315, 1026], [1338, 1050]], "content": "30"}, {"bbox": [[1410, 1025], [1437, 1050]], "content": "EA"}, {"bbox": [[1501, 1025], [1530, 1050]], "content": "CS"}, {"bbox": [[1640, 1027], [1722, 1051]], "content": "1,215.00"}, {"bbox": [[1821, 1027], [1906, 1051]], "content": "1,215.00"}, {"bbox": [[2287, 1029], [2369, 1050]], "content": "1,215.00"}, {"bbox": [[2422, 1029], [2435, 1050]], "content": "0"}, {"bbox": [[2438, 1029], [2457, 1050]], "content": "%"}, {"bbox": [[2620, 1029], [2706, 1050]], "content": "6,075.00"}], "bbox": [[112, 1026], [2706, 1051]]}, {"word_boxes": [{"bbox": [[118, 1099], [213, 1121]], "content": "10002878"}, {"bbox": [[273, 1099], [367, 1121]], "content": "13029826"}, {"bbox": [[408, 1099], [450, 1121]], "content": "BPO"}, {"bbox": [[461, 1099], [507, 1121]], "content": "DUO"}, {"bbox": [[515, 1099], [538, 1121]], "content": "10"}, {"bbox": [[547, 1099], [576, 1121]], "content": "ML"}, {"bbox": [[935, 1099], [1093, 1122]], "content": "2210002878004"}, {"bbox": [[1196, 1099], [1210, 1122]], "content": "5"}, {"bbox": [[1314, 1099], [1340, 1122]], "content": "30"}, {"bbox": [[1407, 1099], [1435, 1122]], "content": "EA"}, {"bbox": [[1501, 1099], [1526, 1122]], "content": "BX"}, {"bbox": [[1638, 1099], [1719, 1123]], "content": "1,500.00"}, {"bbox": [[1819, 1099], [1903, 1123]], "content": "1,500.00"}, {"bbox": [[2283, 1100], [2366, 1121]], "content": "1,500.00"}, {"bbox": [[2422, 1100], [2435, 1121]], "content": "0"}, {"bbox": [[2446, 1100], [2459, 1121]], "content": "%"}, {"bbox": [[2618, 1099], [2706, 1121]], "content": "7,500.00"}], "bbox": [[118, 1099], [2706, 1123]]}, {"word_boxes": [{"bbox": [[124, 1172], [207, 1194]], "content": "9227162"}, {"bbox": [[273, 1173], [366, 1195]], "content": "13029827"}, {"bbox": [[407, 1173], [465, 1195]], "content": "ALOE"}, {"bbox": [[471, 1173], [531, 1195]], "content": "VERA"}, {"bbox": [[539, 1173], [586, 1195]], "content": "DUO"}, {"bbox": [[592, 1173], [689, 1195]], "content": "TABLETT"}, {"bbox": [[941, 1172], [1098, 1195]], "content": "2209227162005"}, {"bbox": [[1199, 1171], [1210, 1195]], "content": "8"}, {"bbox": [[1319, 1171], [1341, 1195]], "content": "30"}, {"bbox": [[1413, 1171], [1439, 1195]], "content": "EA"}, {"bbox": [[1502, 1171], [1532, 1195]], "content": "BX"}, {"bbox": [[1640, 1172], [1724, 1195]], "content": "1,500.00"}, {"bbox": [[1823, 1172], [1908, 1195]], "content": "1,500.00"}, {"bbox": [[2287, 1174], [2370, 1195]], "content": "1,500.00"}, {"bbox": [[2426, 1174], [2438, 1195]], "content": "0"}, {"bbox": [[2442, 1174], [2458, 1195]], "content": "%"}, {"bbox": [[2611, 1173], [2706, 1194]], "content": "12,000.00"}], "bbox": [[124, 1171], [2706, 1195]]}, {"word_boxes": [{"bbox": [[113, 1244], [222, 1265]], "content": "102561466"}, {"bbox": [[272, 1245], [366, 1265]], "content": "13036198"}, {"bbox": [[407, 1245], [558, 1266]], "content": "TUBERCULUM"}, {"bbox": [[565, 1245], [602, 1266]], "content": "OIL"}, {"bbox": [[608, 1245], [644, 1266]], "content": "100"}, {"bbox": [[652, 1245], [680, 1266]], "content": "ML"}, {"bbox": [[936, 1244], [1094, 1268]], "content": "3210256146606"}, {"bbox": [[1196, 1244], [1209, 1266]], "content": "5"}, {"bbox": [[1314, 1244], [1341, 1266]], "content": "30"}, {"bbox": [[1407, 1245], [1435, 1267]], "content": "EA"}, {"bbox": [[1501, 1245], [1529, 1267]], "content": "CS"}, {"bbox": [[1642, 1245], [1719, 1267]], "content": "1,215.00"}, {"bbox": [[1818, 1245], [1903, 1267]], "content": "1,215.00"}, {"bbox": [[2283, 1246], [2366, 1266]], "content": "1,215.00"}, {"bbox": [[2423, 1246], [2458, 1266]], "content": "0%"}, {"bbox": [[2618, 1246], [2706, 1266]], "content": "6,075.00"}], "bbox": [[113, 1244], [2706, 1268]]}, {"word_boxes": [{"bbox": [[113, 1317], [220, 1338]], "content": "102561464"}, {"bbox": [[272, 1317], [367, 1338]], "content": "13036199"}, {"bbox": [[407, 1317], [558, 1338]], "content": "TUBERCULUM"}, {"bbox": [[566, 1317], [603, 1338]], "content": "OIL"}, {"bbox": [[607, 1317], [631, 1338]], "content": "50"}, {"bbox": [[640, 1317], [668, 1338]], "content": "ML"}, {"bbox": [[934, 1317], [1094, 1339]], "content": "3210256146408"}, {"bbox": [[1195, 1318], [1210, 1338]], "content": "7"}, {"bbox": [[1314, 1318], [1342, 1338]], "content": "30"}, {"bbox": [[1406, 1318], [1436, 1338]], "content": "EA"}, {"bbox": [[1501, 1318], [1529, 1338]], "content": "CS"}, {"bbox": [[1636, 1318], [1719, 1338]], "content": "1,215.00"}, {"bbox": [[1816, 1318], [1903, 1338]], "content": "1,215.00"}, {"bbox": [[2283, 1319], [2369, 1338]], "content": "1,215.00"}, {"bbox": [[2422, 1319], [2458, 1338]], "content": "0%"}, {"bbox": [[2618, 1318], [2706, 1338]], "content": "8,505.00"}], "bbox": [[113, 1317], [2706, 1340]]}, {"word_boxes": [{"bbox": [[112, 1390], [221, 1410]], "content": "102703356"}, {"bbox": [[272, 1390], [367, 1411]], "content": "13037440"}, {"bbox": [[406, 1390], [511, 1411]], "content": "TENDERE"}, {"bbox": [[517, 1390], [611, 1411]], "content": "TEMPUS"}, {"bbox": [[615, 1390], [653, 1411]], "content": "700"}, {"bbox": [[935, 1389], [1092, 1414]], "content": "3210270335604"}, {"bbox": [[1194, 1389], [1208, 1412]], "content": "5"}, {"bbox": [[1313, 1389], [1338, 1412]], "content": "30"}, {"bbox": [[1406, 1389], [1433, 1412]], "content": "EA"}, {"bbox": [[1499, 1389], [1526, 1412]], "content": "CS"}, {"bbox": [[1636, 1389], [1719, 1413]], "content": "2,162.95"}, {"bbox": [[1816, 1390], [1903, 1413]], "content": "2,162.95"}, {"bbox": [[2282, 1391], [2366, 1412]], "content": "2,162.95"}, {"bbox": [[2420, 1391], [2457, 1412]], "content": "0%"}, {"bbox": [[2604, 1391], [2701, 1412]], "content": "10,814.73"}], "bbox": [[112, 1388], [2701, 1414]]}, {"word_boxes": [{"bbox": [[113, 1464], [220, 1482]], "content": "102703358"}, {"bbox": [[272, 1464], [364, 1482]], "content": "13037441"}, {"bbox": [[407, 1464], [591, 1482]], "content": "ANTIOXIDATNIUS"}, {"bbox": [[598, 1464], [646, 1482]], "content": "PRO"}, {"bbox": [[649, 1464], [680, 1482]], "content": "5%"}, {"bbox": [[935, 1460], [1093, 1486]], "content": "3210270335802"}, {"bbox": [[1194, 1462], [1207, 1483]], "content": "5"}, {"bbox": [[1314, 1462], [1338, 1483]], "content": "30"}, {"bbox": [[1406, 1462], [1433, 1483]], "content": "EA"}, {"bbox": [[1499, 1462], [1526, 1483]], "content": "CS"}, {"bbox": [[1635, 1464], [1719, 1484]], "content": "2,162.95"}, {"bbox": [[1818, 1463], [1903, 1484]], "content": "2,162.95"}, {"bbox": [[2282, 1463], [2366, 1483]], "content": "2,162.95"}, {"bbox": [[2420, 1464], [2457, 1483]], "content": "0%"}, {"bbox": [[2607, 1464], [2701, 1483]], "content": "10,814.73"}], "bbox": [[113, 1461], [2701, 1486]]}, {"word_boxes": [{"bbox": [[118, 1536], [214, 1554]], "content": "10231104"}, {"bbox": [[272, 1536], [367, 1554]], "content": "23000019"}, {"bbox": [[407, 1536], [513, 1554]], "content": "PARADUA"}, {"bbox": [[519, 1536], [617, 1554]], "content": "TABLETS"}, {"bbox": [[624, 1536], [636, 1554]], "content": "5"}, {"bbox": [[643, 1536], [744, 1554]], "content": "MG/EACH"}, {"bbox": [[933, 1535], [1091, 1557]], "content": "4800292151024"}, {"bbox": [[1193, 1535], [1206, 1555]], "content": "5"}, {"bbox": [[1313, 1535], [1335, 1555]], "content": "30"}, {"bbox": [[1405, 1535], [1433, 1555]], "content": "EA"}, {"bbox": [[1499, 1535], [1526, 1555]], "content": "BX"}, {"bbox": [[1634, 1536], [1717, 1554]], "content": "1,914.29"}, {"bbox": [[1816, 1536], [1900, 1554]], "content": "2,144.00"}, {"bbox": [[2281, 1536], [2363, 1554]], "content": "1,914.29"}, {"bbox": [[2414, 1536], [2459, 1554]], "content": "12%"}, {"bbox": [[2617, 1536], [2701, 1554]], "content": "9,571.44"}], "bbox": [[118, 1535], [2701, 1557]]}, {"word_boxes": [{"bbox": [[124, 1606], [207, 1629]], "content": "7233234"}, {"bbox": [[273, 1606], [364, 1629]], "content": "23000021"}, {"bbox": [[408, 1606], [502, 1629]], "content": "SUMERO"}, {"bbox": [[510, 1606], [607, 1629]], "content": "SUMMUS"}, {"bbox": [[612, 1606], [637, 1629]], "content": "70"}, {"bbox": [[933, 1605], [1097, 1629]], "content": "2207233234006"}, {"bbox": [[1190, 1607], [1216, 1628]], "content": "77"}, {"bbox": [[1314, 1607], [1330, 1628]], "content": "30"}, {"bbox": [[1326, 1607], [1339, 1628]], "content": "30"}, {"bbox": [[1407, 1607], [1426, 1628]], "content": "E/"}, {"bbox": [[1419, 1607], [1435, 1628]], "content": "EA"}, {"bbox": [[1501, 1607], [1530, 1628]], "content": "BX"}, {"bbox": [[1655, 1607], [1723, 1628]], "content": "694.38"}, {"bbox": [[1834, 1607], [1904, 1628]], "content": "694.38"}, {"bbox": [[2303, 1608], [2369, 1628]], "content": "694.38"}, {"bbox": [[2422, 1608], [2457, 1628]], "content": "0%"}, {"bbox": [[2607, 1608], [2706, 1628]], "content": "53,467.26"}], "bbox": [[124, 1606], [2706, 1629]]}, {"word_boxes": [{"bbox": [[124, 1680], [206, 1700]], "content": "7233241"}, {"bbox": [[272, 1680], [367, 1700]], "content": "23000022"}, {"bbox": [[408, 1680], [502, 1700]], "content": "SUMERO"}, {"bbox": [[510, 1680], [606, 1700]], "content": "SUMMUS"}, {"bbox": [[613, 1680], [648, 1700]], "content": "580"}, {"bbox": [[933, 1679], [1094, 1701]], "content": "2207233241004"}, {"bbox": [[1190, 1680], [1215, 1700]], "content": "26"}, {"bbox": [[1314, 1680], [1340, 1700]], "content": "30"}, {"bbox": [[1407, 1680], [1435, 1700]], "content": "EA"}, {"bbox": [[1501, 1680], [1528, 1700]], "content": "BX"}, {"bbox": [[1635, 1679], [1719, 1701]], "content": "1,202.14"}, {"bbox": [[1816, 1680], [1902, 1702]], "content": "1,202.14"}, {"bbox": [[2282, 1680], [2367, 1701]], "content": "1,202.14"}, {"bbox": [[2422, 1680], [2458, 1701]], "content": "0%"}, {"bbox": [[2605, 1680], [2704, 1700]], "content": "31,255.61"}], "bbox": [[124, 1679], [2704, 1702]]}, {"word_boxes": [{"bbox": [[118, 1753], [213, 1774]], "content": "10920757"}, {"bbox": [[272, 1753], [366, 1774]], "content": "23000023"}, {"bbox": [[409, 1753], [498, 1774]], "content": "CINAMID"}, {"bbox": [[506, 1753], [517, 1774]], "content": "+"}, {"bbox": [[523, 1753], [599, 1774]], "content": "ALGUS"}, {"bbox": [[605, 1753], [639, 1774]], "content": "OIL"}, {"bbox": [[931, 1752], [1093, 1775]], "content": "4800292138049"}, {"bbox": [[1189, 1752], [1217, 1775]], "content": "43"}, {"bbox": [[1314, 1751], [1340, 1775]], "content": "30"}, {"bbox": [[1417, 1751], [1435, 1774]], "content": "EA"}, {"bbox": [[1501, 1751], [1528, 1774]], "content": "BX"}, {"bbox": [[1653, 1753], [1719, 1772]], "content": "694.38"}, {"bbox": [[1834, 1753], [1903, 1772]], "content": "694.38"}, {"bbox": [[2304, 1753], [2367, 1772]], "content": "694.38"}, {"bbox": [[2422, 1753], [2458, 1772]], "content": "0%"}, {"bbox": [[2607, 1753], [2706, 1772]], "content": "29,858.34"}], "bbox": [[118, 1752], [2706, 1775]]}, {"word_boxes": [{"bbox": [[409, 1800], [497, 1818]], "content": "CINAMID"}, {"bbox": [[507, 1800], [569, 1818]], "content": "LIGHT"}, {"bbox": [[928, 1796], [1092, 1821]], "content": "4800292138056"}, {"bbox": [[1193, 1796], [1205, 1821]], "content": "5"}, {"bbox": [[1312, 1796], [1335, 1821]], "content": "30"}, {"bbox": [[1405, 1796], [1433, 1820]], "content": "EA"}, {"bbox": [[1497, 1795], [1525, 1820]], "content": "BX"}, {"bbox": [[1635, 1799], [1717, 1822]], "content": "1,202.14"}, {"bbox": [[1815, 1799], [1898, 1822]], "content": "1,202.14"}, {"bbox": [[2281, 1800], [2362, 1822]], "content": "1,202.14"}, {"bbox": [[2420, 1800], [2445, 1822]], "content": "0"}, {"bbox": [[2435, 1800], [2455, 1822]], "content": "%"}, {"bbox": [[2617, 1800], [2701, 1822]], "content": "6,010.70"}], "bbox": [[409, 1796], [2701, 1823]]}, {"word_boxes": [{"bbox": [[118, 1826], [212, 1844]], "content": "10920758"}, {"bbox": [[272, 1826], [367, 1844]], "content": "23000024"}], "bbox": [[118, 1826], [367, 1844]]}, {"word_boxes": [{"bbox": [[118, 1896], [212, 1917]], "content": "10231108"}, {"bbox": [[272, 1896], [366, 1917]], "content": "23000026"}, {"bbox": [[408, 1896], [517, 1917]], "content": "SPOLIARE"}, {"bbox": [[520, 1896], [604, 1917]], "content": "TABLET"}, {"bbox": [[613, 1896], [636, 1917]], "content": "50"}, {"bbox": [[646, 1896], [676, 1916]], "content": "MG"}, {"bbox": [[937, 1896], [1101, 1919]], "content": "4800292139046"}, {"bbox": [[1195, 1896], [1221, 1918]], "content": "68"}, {"bbox": [[1320, 1895], [1345, 1918]], "content": "30"}, {"bbox": [[1413, 1897], [1433, 1918]], "content": "EA"}, {"bbox": [[1506, 1897], [1533, 1918]], "content": "BX"}, {"bbox": [[1638, 1897], [1718, 1919]], "content": "1,119.27"}, {"bbox": [[1825, 1898], [1909, 1919]], "content": "1,119.27"}, {"bbox": [[2288, 1897], [2375, 1917]], "content": "1,119.27"}, {"bbox": [[2426, 1897], [2463, 1917]], "content": "0%"}, {"bbox": [[2612, 1897], [2709, 1917]], "content": "76,110.36"}], "bbox": [[118, 1896], [2709, 1919]]}, {"word_boxes": [{"bbox": [[118, 1968], [212, 1989]], "content": "10231109"}, {"bbox": [[272, 1968], [366, 1989]], "content": "23000027"}, {"bbox": [[408, 1968], [516, 1989]], "content": "SPOLIARE"}, {"bbox": [[520, 1968], [604, 1989]], "content": "TABLET"}, {"bbox": [[612, 1968], [636, 1989]], "content": "30"}, {"bbox": [[645, 1968], [677, 1989]], "content": "MG"}, {"bbox": [[937, 1969], [1098, 1990]], "content": "4800292139053"}, {"bbox": [[1193, 1968], [1219, 1989]], "content": "23"}, {"bbox": [[1318, 1969], [1345, 1990]], "content": "30"}, {"bbox": [[1410, 1969], [1439, 1989]], "content": "EA"}, {"bbox": [[1504, 1970], [1533, 1989]], "content": "BX"}, {"bbox": [[1640, 1970], [1726, 1989]], "content": "1,119.27"}, {"bbox": [[1823, 1970], [1907, 1990]], "content": "1,119.27"}, {"bbox": [[2287, 1971], [2371, 1989]], "content": "1,119.27"}, {"bbox": [[2426, 1971], [2458, 1989]], "content": "0%"}, {"bbox": [[2611, 1971], [2706, 1989]], "content": "25,743.21"}], "bbox": [[118, 1968], [2706, 1990]]}, {"word_boxes": [{"bbox": [[118, 2042], [213, 2063]], "content": "10231110"}, {"bbox": [[272, 2042], [366, 2063]], "content": "23000028"}, {"bbox": [[408, 2042], [450, 2063]], "content": "SOL"}, {"bbox": [[456, 2042], [565, 2063]], "content": "SOLLIDUS"}, {"bbox": [[572, 2042], [597, 2063]], "content": "70"}, {"bbox": [[603, 2042], [633, 2063]], "content": "ML"}, {"bbox": [[942, 2042], [1101, 2063]], "content": "4800292139060"}, {"bbox": [[1204, 2041], [1215, 2061]], "content": "5"}, {"bbox": [[1322, 2040], [1345, 2061]], "content": "30"}, {"bbox": [[1415, 2040], [1444, 2062]], "content": "EA"}, {"bbox": [[1508, 2041], [1537, 2062]], "content": "BX"}, {"bbox": [[1644, 2041], [1727, 2062]], "content": "1,598.30"}, {"bbox": [[1825, 2041], [1911, 2063]], "content": "1,598.30"}, {"bbox": [[2291, 2043], [2374, 2062]], "content": "1,598.30"}, {"bbox": [[2431, 2043], [2441, 2062]], "content": "0"}, {"bbox": [[2446, 2043], [2462, 2062]], "content": "%"}, {"bbox": [[2626, 2043], [2711, 2061]], "content": "7,991.50"}], "bbox": [[118, 2041], [2711, 2063]]}, {"word_boxes": [{"bbox": [[118, 2115], [209, 2136]], "content": "10231111"}, {"bbox": [[272, 2114], [366, 2136]], "content": "23000029"}, {"bbox": [[408, 2114], [502, 2136]], "content": "SIMPLEX"}, {"bbox": [[509, 2114], [557, 2135]], "content": "DUO"}, {"bbox": [[564, 2114], [640, 2135]], "content": "CREAM"}, {"bbox": [[937, 2112], [1100, 2137]], "content": "4800292139077"}, {"bbox": [[1195, 2113], [1221, 2134]], "content": "36"}, {"bbox": [[1319, 2113], [1345, 2135]], "content": "30"}, {"bbox": [[1413, 2113], [1439, 2135]], "content": "EA"}, {"bbox": [[1506, 2113], [1534, 2135]], "content": "BX"}, {"bbox": [[1639, 2113], [1726, 2135]], "content": "1,598.30"}, {"bbox": [[1824, 2114], [1908, 2136]], "content": "1,598.30"}, {"bbox": [[2290, 2114], [2374, 2134]], "content": "1,598.30"}, {"bbox": [[2426, 2114], [2462, 2134]], "content": "0%"}, {"bbox": [[2611, 2115], [2706, 2134]], "content": "57,538.84"}], "bbox": [[118, 2113], [2706, 2137]]}, {"word_boxes": [{"bbox": [[111, 2187], [221, 2206]], "content": "101618135"}, {"bbox": [[272, 2187], [366, 2206]], "content": "23001992"}, {"bbox": [[408, 2187], [539, 2207]], "content": "SINGULARIS"}, {"bbox": [[545, 2187], [630, 2207]], "content": "TABLET"}, {"bbox": [[632, 2187], [657, 2207]], "content": "70"}, {"bbox": [[939, 2187], [1094, 2207]], "content": "3210161813501"}, {"bbox": [[1200, 2187], [1210, 2206]], "content": "8"}, {"bbox": [[1318, 2186], [1340, 2206]], "content": "30"}, {"bbox": [[1410, 2187], [1439, 2206]], "content": "EA"}, {"bbox": [[1503, 2187], [1532, 2207]], "content": "BX"}, {"bbox": [[1660, 2187], [1723, 2207]], "content": "904.55"}, {"bbox": [[1841, 2188], [1907, 2207]], "content": "904.55"}, {"bbox": [[2308, 2188], [2371, 2206]], "content": "904.55"}, {"bbox": [[2427, 2188], [2458, 2206]], "content": "0%"}, {"bbox": [[2622, 2188], [2704, 2206]], "content": "7,236.41"}], "bbox": [[111, 2187], [2704, 2206]]}]}, "1": {"image_size": {"width": 3291, "height": 2328}, "document_page": 2, "line_boxes": [{"word_boxes": [{"bbox": [[1550, 55], [1762, 88]], "content": "PURCHASE"}, {"bbox": [[1775, 55], [1913, 88]], "content": "ORDER"}], "bbox": [[1550, 55], [1913, 88]]}, {"word_boxes": [{"bbox": [[2841, 77], [2913, 104]], "content": "Report"}, {"bbox": [[2929, 76], [2988, 104]], "content": "Date:"}, {"bbox": [[2991, 75], [3120, 103]], "content": "31-01-2020"}, {"bbox": [[3128, 75], [3188, 102]], "content": "03:01"}], "bbox": [[2841, 75], [3188, 104]]}, {"word_boxes": [{"bbox": [[1645, 103], [1700, 128]], "content": "No."}, {"bbox": [[1708, 104], [1815, 129]], "content": "9970572"}], "bbox": [[1645, 103], [1815, 129]]}, {"word_boxes": [{"bbox": [[1605, 141], [1681, 176]], "content": "(Status:"}, {"bbox": [[1691, 138], [1854, 174]], "content": "Approved)"}, {"bbox": [[3058, 129], [3115, 151]], "content": "Page:"}, {"bbox": [[3119, 128], [3137, 151]], "content": "2"}, {"bbox": [[3141, 128], [3172, 150]], "content": "OF"}, {"bbox": [[3176, 128], [3188, 150]], "content": "2"}], "bbox": [[1605, 122], [3188, 174]]}, {"word_boxes": [{"bbox": [[1186, 274], [1227, 294]], "content": "QTY"}, {"bbox": [[1300, 274], [1358, 294]], "content": "PACK"}, {"bbox": [[1398, 274], [1441, 294]], "content": "STD"}, {"bbox": [[1495, 288], [1538, 307]], "content": "UOP"}, {"bbox": [[1596, 274], [1641, 301]], "content": "UOP"}, {"bbox": [[1652, 272], [1712, 299]], "content": "COST"}, {"bbox": [[1775, 269], [1819, 296]], "content": "UOP"}, {"bbox": [[1828, 267], [1890, 295]], "content": "COST"}, {"bbox": [[1992, 261], [2106, 290]], "content": "DISCOUNT"}, {"bbox": [[2204, 273], [2247, 294]], "content": "NET"}, {"bbox": [[2254, 273], [2297, 294]], "content": "UOP"}, {"bbox": [[2308, 273], [2367, 294]], "content": "COST"}, {"bbox": [[2419, 273], [2462, 294]], "content": "VAT"}, {"bbox": [[2515, 274], [2587, 294]], "content": "TOTAL"}, {"bbox": [[2596, 274], [2638, 294]], "content": "EXT"}, {"bbox": [[2644, 274], [2706, 294]], "content": "COST"}, {"bbox": [[2748, 264], [2799, 282]], "content": "SELL"}, {"bbox": [[2854, 263], [2903, 282]], "content": "UNIT"}, {"bbox": [[2913, 263], [2988, 282]], "content": "RETAIL"}, {"bbox": [[3032, 273], [3151, 293]], "content": "EXTENDED"}], "bbox": [[1186, 259], [3151, 307]]}, {"word_boxes": [{"bbox": [[145, 288], [186, 307]], "content": "SKU"}, {"bbox": [[299, 288], [340, 307]], "content": "VPN"}, {"bbox": [[527, 285], [764, 310]], "content": "DESCRIPTION/BRAND"}, {"bbox": [[990, 285], [1039, 310]], "content": "UPC"}, {"bbox": [[1150, 297], [1256, 321]], "content": "ORDERED"}, {"bbox": [[1306, 297], [1353, 321]], "content": "SIZE"}, {"bbox": [[1400, 298], [1448, 322]], "content": "UOM"}, {"bbox": [[1608, 301], [1639, 323]], "content": "(Vat"}, {"bbox": [[1651, 301], [1700, 323]], "content": "Excl)"}, {"bbox": [[1781, 301], [1824, 323]], "content": "(Vat"}, {"bbox": [[1830, 301], [1871, 323]], "content": "Incl)"}, {"bbox": [[2006, 289], [2041, 310]], "content": "(Vat"}, {"bbox": [[2054, 290], [2104, 311]], "content": "Excl)"}, {"bbox": [[2238, 300], [2277, 324]], "content": "(Vat"}, {"bbox": [[2282, 300], [2331, 324]], "content": "Excl)"}, {"bbox": [[2414, 300], [2468, 324]], "content": "RATE"}, {"bbox": [[2558, 300], [2600, 324]], "content": "(Vat"}, {"bbox": [[2608, 300], [2657, 324]], "content": "Excl)"}, {"bbox": [[2752, 286], [2799, 309]], "content": "UOM"}, {"bbox": [[3057, 298], [3136, 323]], "content": "RETAIL"}], "bbox": [[145, 277], [3136, 330]]}, {"word_boxes": [{"bbox": [[1946, 325], [2001, 343]], "content": "TYPE"}, {"bbox": [[2076, 325], [2149, 343]], "content": "VALUE"}], "bbox": [[1946, 325], [2149, 343]]}, {"word_boxes": [{"bbox": [[112, 406], [221, 426]], "content": "101618255"}, {"bbox": [[272, 406], [366, 426]], "content": "23001994"}, {"bbox": [[408, 406], [513, 426]], "content": "PREDERE"}, {"bbox": [[518, 406], [603, 425]], "content": "TABLET"}, {"bbox": [[607, 406], [632, 425]], "content": "30"}, {"bbox": [[641, 406], [673, 425]], "content": "MG"}, {"bbox": [[933, 406], [1090, 427]], "content": "3210161825504"}, {"bbox": [[1192, 406], [1204, 426]], "content": "5"}, {"bbox": [[1312, 406], [1334, 426]], "content": "30"}, {"bbox": [[1413, 405], [1431, 426]], "content": "EA"}, {"bbox": [[1499, 405], [1526, 425]], "content": "BX"}, {"bbox": [[1651, 405], [1717, 425]], "content": "904.55"}, {"bbox": [[1832, 405], [1900, 425]], "content": "904.55"}, {"bbox": [[2299, 405], [2363, 426]], "content": "904.55"}, {"bbox": [[2420, 405], [2451, 426]], "content": "0%"}, {"bbox": [[2612, 405], [2701, 426]], "content": "4,522.76"}], "bbox": [[112, 405], [2701, 426]]}, {"word_boxes": [{"bbox": [[1921, 460], [1952, 477]], "content": "PO"}, {"bbox": [[1959, 460], [2009, 477]], "content": "Total"}, {"bbox": [[2018, 460], [2067, 477]], "content": "Cost"}, {"bbox": [[2074, 460], [2116, 477]], "content": "Excl"}, {"bbox": [[2125, 460], [2158, 477]], "content": "Vat"}, {"bbox": [[2164, 460], [2202, 477]], "content": "Net"}, {"bbox": [[2206, 460], [2228, 477]], "content": "of"}, {"bbox": [[2237, 460], [2331, 478]], "content": "Discount:"}, {"bbox": [[2594, 458], [2706, 479]], "content": "423,920.90"}, {"bbox": [[2737, 457], [2784, 478]], "content": "PHP"}], "bbox": [[1921, 458], [2784, 479]]}, {"word_boxes": [{"bbox": [[1992, 482], [2044, 507]], "content": "Total"}, {"bbox": [[2059, 483], [2144, 507]], "content": "Discount"}, {"bbox": [[2153, 484], [2234, 508]], "content": "Amount"}, {"bbox": [[2247, 485], [2335, 509]], "content": "Applied:"}, {"bbox": [[2665, 485], [2704, 503]], "content": "0.00"}, {"bbox": [[2737, 486], [2784, 504]], "content": "PHP"}], "bbox": [[1992, 485], [2784, 509]]}, {"word_boxes": [{"bbox": [[1924, 511], [1971, 530]], "content": "PO"}, {"bbox": [[1959, 511], [2008, 530]], "content": "Total"}, {"bbox": [[2018, 511], [2067, 530]], "content": "Cost"}, {"bbox": [[2074, 511], [2110, 530]], "content": "Incl"}, {"bbox": [[2119, 511], [2154, 530]], "content": "Vat"}, {"bbox": [[2158, 511], [2193, 530]], "content": "Net"}, {"bbox": [[2200, 511], [2219, 530]], "content": "of"}, {"bbox": [[2229, 512], [2329, 531]], "content": "Discount:"}, {"bbox": [[2591, 509], [2704, 530]], "content": "425,069.47"}, {"bbox": [[2737, 509], [2784, 530]], "content": "PHP"}], "bbox": [[1924, 509], [2784, 531]]}, {"word_boxes": [{"bbox": [[2136, 537], [2184, 556]], "content": "Total"}, {"bbox": [[2194, 538], [2239, 556]], "content": "VAT"}, {"bbox": [[2244, 538], [2329, 556]], "content": "Amount:"}, {"bbox": [[2620, 536], [2704, 555]], "content": "1,148.57"}, {"bbox": [[2737, 537], [2784, 555]], "content": "PHP"}], "bbox": [[2136, 536], [2784, 557]]}, {"word_boxes": [{"bbox": [[99, 587], [234, 611]], "content": "COMMENTS:"}, {"bbox": [[249, 588], [346, 611]], "content": "Computed"}, {"bbox": [[355, 588], [407, 611]], "content": "order"}], "bbox": [[99, 587], [407, 611]]}, {"word_boxes": [{"bbox": [[99, 615], [222, 632]], "content": "APPROVED"}, {"bbox": [[229, 614], [265, 632]], "content": "BY:"}], "bbox": [[99, 614], [265, 632]]}]}}