{"name": "Custom_purchase_order_schema", "schemaDescription": "", "documentType": "purchaseOrder", "documentTypeDescription": "", "id": "b7dce6df-a76f-4630-9635-1f14c72f6f05", "predefined": false, "version": null, "created": "2022-10-21T09:44:22.779706+00:00", "updated": "", "state": "active", "headerFields": [{"name": "purchaseOrderNumber", "description": "", "defaultExtractor": {"fieldName": "documentNumber"}, "setupType": "static", "setupTypeVersion": "1.0.0", "setup": {}, "formattingType": "string", "formatting": {}, "formattingTypeVersion": "1.0.0"}, {"name": "purchaseOrderStatus", "description": "", "defaultExtractor": {}, "setupType": "static", "setupTypeVersion": "1.0.0", "setup": {}, "formattingType": "string", "formatting": {}, "formattingTypeVersion": "1.0.0"}, {"name": "vendor", "description": "", "defaultExtractor": {"fieldName": "senderName"}, "setupType": "static", "setupTypeVersion": "1.0.0", "setup": {}, "formattingType": "string", "formatting": {}, "formattingTypeVersion": "1.0.0"}, {"name": "vendorSite", "description": "", "defaultExtractor": {"fieldName": "senderAddress"}, "setupType": "static", "setupTypeVersion": "1.0.0", "setup": {}, "formattingType": "string", "formatting": {}, "formattingTypeVersion": "1.0.0"}, {"name": "shipTo", "description": "", "defaultExtractor": {"fieldName": "shipToAddress"}, "setupType": "static", "setupTypeVersion": "1.0.0", "setup": {}, "formattingType": "string", "formatting": {}, "formattingTypeVersion": "1.0.0"}, {"name": "orderType", "description": "", "defaultExtractor": {}, "setupType": "static", "setupTypeVersion": "1.0.0", "setup": {}, "formattingType": "string", "formatting": {}, "formattingTypeVersion": "1.0.0"}, {"name": "terms", "description": "", "defaultExtractor": {"fieldName": "paymentTerms"}, "setupType": "static", "setupTypeVersion": "1.0.0", "setup": {}, "formattingType": "string", "formatting": {}, "formattingTypeVersion": "1.0.0"}, {"name": "orderCurrency", "description": "", "defaultExtractor": {"fieldName": "currencyCode"}, "setupType": "static", "setupTypeVersion": "1.0.0", "setup": {}, "formattingType": "string", "formatting": {}, "formattingTypeVersion": "1.0.0"}, {"name": "entryDate", "description": "", "defaultExtractor": {"fieldName": "documentDate"}, "setupType": "static", "setupTypeVersion": "1.0.0", "setup": {}, "formattingType": "date", "formatting": {}, "formattingTypeVersion": "1.0.0"}, {"name": "shipDate", "description": "", "defaultExtractor": {"fieldName": "deliveryDate"}, "setupType": "static", "setupTypeVersion": "1.0.0", "setup": {}, "formattingType": "date", "formatting": {}, "formattingTypeVersion": "1.0.0"}, {"name": "cancelDate", "description": "", "defaultExtractor": {}, "setupType": "static", "setupTypeVersion": "1.0.0", "setup": {}, "formattingType": "date", "formatting": {}, "formattingTypeVersion": "1.0.0"}, {"name": "totalCostNet", "description": "", "defaultExtractor": {"fieldName": "netAmount"}, "setupType": "static", "setupTypeVersion": "1.0.0", "setup": {}, "formattingType": "number", "formatting": {}, "formattingTypeVersion": "1.0.0"}, {"name": "totalCostGross", "description": "", "defaultExtractor": {"fieldName": "grossAmount"}, "setupType": "static", "setupTypeVersion": "1.0.0", "setup": {}, "formattingType": "number", "formatting": {}, "formattingTypeVersion": "1.0.0"}, {"name": "totalVatAmount", "description": "", "defaultExtractor": {}, "setupType": "static", "setupTypeVersion": "1.0.0", "setup": {}, "formattingType": "number", "formatting": {}, "formattingTypeVersion": "1.0.0"}], "lineItemFields": [{"name": "skuNumber", "description": "", "defaultExtractor": {}, "setupType": "static", "setupTypeVersion": "1.0.0", "setup": {}, "formattingType": "string", "formatting": {}, "formattingTypeVersion": "1.0.0"}, {"name": "description", "description": "", "defaultExtractor": {"fieldName": "description"}, "setupType": "static", "setupTypeVersion": "1.0.0", "setup": {}, "formattingType": "string", "formatting": {}, "formattingTypeVersion": "1.0.0"}, {"name": "upcNumber", "description": "", "defaultExtractor": {}, "setupType": "static", "setupTypeVersion": "1.0.0", "setup": {}, "formattingType": "string", "formatting": {}, "formattingTypeVersion": "1.0.0"}, {"name": "quantity", "description": "", "defaultExtractor": {"fieldName": "quantity"}, "setupType": "static", "setupTypeVersion": "1.0.0", "setup": {}, "formattingType": "number", "formatting": {}, "formattingTypeVersion": "1.0.0"}, {"name": "unitPriceNet", "description": "", "defaultExtractor": {}, "setupType": "static", "setupTypeVersion": "1.0.0", "setup": {}, "formattingType": "number", "formatting": {}, "formattingTypeVersion": "1.0.0"}, {"name": "unitPriceGross", "description": "", "defaultExtractor": {}, "setupType": "static", "setupTypeVersion": "1.0.0", "setup": {}, "formattingType": "number", "formatting": {}, "formattingTypeVersion": "1.0.0"}, {"name": "vatRate", "description": "", "defaultExtractor": {}, "setupType": "static", "setupTypeVersion": "1.0.0", "setup": {}, "formattingType": "number", "formatting": {}, "formattingTypeVersion": "1.0.0"}, {"name": "totalCost", "description": "", "defaultExtractor": {}, "setupType": "static", "setupTypeVersion": "1.0.0", "setup": {}, "formattingType": "number", "formatting": {}, "formattingTypeVersion": "1.0.0"}]}