{"id": "bada9277-c5d5-4e2f-a0db-9f09b8a860c8", "schemaId": "b7dce6df-a76f-4630-9635-1f14c72f6f05", "name": "Custom_purchase_order_template", "description": "", "language": "en", "documentType": "purchaseOrder", "clientId": "default", "isActive": true, "status": "READY", "documentAssociations": [], "creationDate": "2022-10-21T10:59:49.534477+00:00", "lastUpdatedDate": "2022-10-21T11:04:52.475606+00:00", "schemaName": null, "extraction": {"headerFields": [{"name": "purchaseOrderNumber", "label": "purchaseOrderNumber", "type": "string"}, {"name": "purchaseOrderStatus", "label": "purchaseOrderStatus", "type": "string"}, {"name": "vendor", "label": "vendor", "type": "string"}, {"name": "vendorSite", "label": "vendorSite", "type": "string"}, {"name": "shipTo", "label": "shipTo", "type": "string"}, {"name": "orderType", "label": "orderType", "type": "string"}, {"name": "terms", "label": "terms", "type": "string"}, {"name": "orderCurrency", "label": "orderCurrency", "type": "string"}, {"name": "entryDate", "label": "entryDate", "type": "date"}, {"name": "shipDate", "label": "shipDate", "type": "date"}, {"name": "cancelDate", "label": "cancelDate", "type": "date"}, {"name": "totalCostNet", "label": "totalCostNet", "type": "number"}, {"name": "totalCostGross", "label": "totalCostGross", "type": "number"}, {"name": "totalVatAmount", "label": "totalVatAmount", "type": "number"}], "lineItemFields": [{"name": "skuNumber", "label": "skuNumber", "type": "string"}, {"name": "description", "label": "description", "type": "string"}, {"name": "upcNumber", "label": "upcNumber", "type": "string"}, {"name": "quantity", "label": "quantity", "type": "number"}, {"name": "unitPriceNet", "label": "unitPriceNet", "type": "number"}, {"name": "unitPriceGross", "label": "unitPriceGross", "type": "number"}, {"name": "vatRate", "label": "vatRate", "type": "number"}, {"name": "totalCost", "label": "totalCost", "type": "number"}]}}